"Reference","Value","LCSC","Datasheet","Footprint","Qty","DNP","JLC"
"R29","0","","~","Resistor_SMD:R_0402_1005Metric","1","",""
"C8,C9","27p","C1557","~","Capacitor_SMD:C_0402_1005Metric","2","",""
"C1,C15,C17,C18,C19,C20,C21,C22,C23,C24,C28,C30,C31","100n","C1525","~","Capacitor_SMD:C_0402_1005Metric","13","","-- mixed values --"
"C2,C3,C4,C5","100nf","C1525","~","Capacitor_SMD:C_0402_1005Metric","4","",""
"L1","3.3u","C695126","~","RP2350_60QFN_minimal:L_pol_2016","1","",""
"C16,C25,C26,C27","4.7u","C23733","~","Capacitor_SMD:C_0402_1005Metric","4","",""
"C10,C11,C12,C29","10u","C25741","~","Capacitor_SMD:C_0402_1005Metric","4","",""
"R24,R25","27","C25100","~","Resistor_SMD:R_0402_1005Metric","2","",""
"R23","33","","~","Resistor_SMD:R_0402_1005Metric","1","",""
"R32,R34,R43,R44,R46,R47","100r","C25076","~","Resistor_SMD:R_0402_1005Metric","6","",""
"R35,R36,R39,R41","470","C25117","~","Capacitor_SMD:C_0402_1005Metric","4","",""
"R1,R4,R5,R6,R9,R10,R13,R14,R17,R20,R28","1k","C11702","~","-- mixed values --","11","",""
"R18,R19","5.1k","C25905","~","Capacitor_SMD:C_0402_1005Metric","2","",""
"D1,D2","5819","C8598","~","Diode_SMD:D_SOD-123","2","",""
"R30,R31,R33","10K","C25744","~","Capacitor_SMD:C_0402_1005Metric","3","",""
"R21,R22","10k","C25744","~","Capacitor_SMD:C_0402_1005Metric","2","",""
"R2,R8,R12,R16","100k","C25741","~","Capacitor_SMD:C_0402_1005Metric","4","",""
"R37,R38,R40,R42","100K","C25741","~","Capacitor_SMD:C_0402_1005Metric","4","",""
"R3,R7,R11,R15","400k","","~","Capacitor_SMD:C_0402_1005Metric","4","",""
"J6,J7,J9,J10","AudioJack2","","~","Connector_Audio:_Jack_3.5mm_QingPu_JACK_ANCHOR","4","",""
"D10,D11,D12,D13,D14,D15,D16,D17","BAT43W-V","C134399","http://www.vishay.com/docs/85660/bat42.pdf","Diode_SMD:D_SOD-323","8","",""
"BT1","Battery_Cell","C964818","~","Battery:BatteryHolder_Keystone_3000_1x12mm","1","",""
"SW2","btnA","","~","Button_Switch_THT:SW_PUSH_6mm","1","",""
"SW3","btnB","","~","Button_Switch_THT:SW_PUSH_6mm","1","",""
"SW1","btnBOOT","","~","Button_Switch_THT:SW_PUSH_6mm","1","",""
"SW4","btnHand","","~","Button_Switch_THT:SW_PUSH_6mm","1","",""
"J4","Conn_02x05","","~","Connector_PinHeader_2.54mm:PinHeader_2x05_P2.54mm_Vertical","1","",""
"Y2","Crystal DST310S 32.768KHz","C93232","~","Crystal:Crystal_SMD_3215-2Pin_3.2x1.5mm","1","",""
"R26,R27","DNF","","~","Resistor_SMD:R_0402_1005Metric","2","",""
"U4","ESP32-PICO-D4","","https://www.espressif.com/sites/default/files/documentation/esp32-pico-d4_datasheet_en.pdf","RPi_Pico:RPi_Pico_SMD_TH","1","",""
"S1","JS5208","","","4ms_Connector:sw_nav_5way","1","",""
"D5,D8","L1","","~","LED_SMD:LED_PLCC_2835","2","",""
"D6","L2","","~","LED_SMD:LED_PLCC_2835","1","",""
"U2","LD1117S33CTR","C81768","http://www.st.com/content/ccc/resource/technical/document/datasheet/99/3b/7d/91/91/51/4b/be/CD00000544.pdf/files/CD00000544.pdf/jcr:content/translations/en.CD00000544.pdf","Package_TO_SOT_SMD:SOT-89-3","1","",""
"D18","Lselect","","~","LED_SMD:LED_PLCC_2835","1","",""
"DAC1","MCP4728","","http://ww1.microchip.com/downloads/en/DeviceDoc/22187E.pdf","Package_SO:MSOP-10_3x3mm_P0.5mm","1","","C478093"
"J5","OLED DISP","","~","Connector_PinSocket_2.54mm:PinSocket_1x04_P2.54mm_Vertical","1","",""
"U7","OPA1679","","http://www.ti.com/lit/ds/symlink/opa1678.pdf","Package_SO:SOIC-14_3.9x8.7mm_P1.27mm","1","",""
"J14","out 1","","~","Connector_Audio:_Jack_3.5mm_QingPu_JACK_ANCHOR","1","",""
"J2","out 2","","~","Connector_Audio:_Jack_3.5mm_QingPu_JACK_ANCHOR","1","",""
"J1","out 3","","~","Connector_Audio:_Jack_3.5mm_QingPu_JACK_ANCHOR","1","",""
"J8","out 4","","~","Connector_Audio:_Jack_3.5mm_QingPu_JACK_ANCHOR","1","",""
"U3","PCF8523T","C2651516","https://www.nxp.com/docs/en/data-sheet/PCF8523.pdf","Package_SO:SOIC-8_3.9x4.9mm_P1.27mm","1","",""
"D7","R2","","~","LED_SMD:LED_PLCC_2835","1","",""
"U6","RP2350_60QFN","","","RP2350_60QFN_minimal:RP2350-QFN-60-1EP_7x7_P0.4mm_EP3.4x3.4mm_ThermalVias","1","",""
"D19","Rselect","","~","LED_SMD:LED_PLCC_2835","1","",""
"D3,D4","SM4001","C151781","http://cdn-reichelt.de/documents/datenblatt/A400/SMD1N400%23DIO.pdf","Diode_SMD:D_SOD-123","2","",""
"F1,F2","SMD0805P010TF polyfuse","C20975","~","Fuse:Fuse_0805_2012Metric","2","",""
"J3","USB_C_Receptacle_USB2.0","C2988369","https://www.usb.org/sites/default/files/documents/usb_type-c.zip","Connector_USB:USB_C_Receptacle_G-Switch_GT-USB-7010ASV","1","",""
"U5","W25Q128JVS","C2843335","http://www.winbond.com/resource-files/w25q128jv_dtr%20revc%2003272018%20plus.pdf","Package_SO:SOIC-8_5.23x5.23mm_P1.27mm","1","",""
"Y1","X322512MSB4SI (mini 12MhZ crystal)","C9002","~","Crystal:Crystal_SMD_3225-4Pin_3.2x2.5mm","1","",""
